observable,weight
x1,0.333333
x2,0.333333
x3,0.333334
