{
  "seam_id": "KIN.SEAM.IMP.001",
  "contract": "UMA.INTSTACK.v1",
  "t_s": 3.5399999999999467,
  "IC_pre": 1.0,
  "IC_post": 1.0,
  "kappa_pre": 3.539999960785704e-08,
  "kappa_post": 3.7949999579609395e-08,
  "delta_kappa": 2.5499999717523575e-09,
  "tau_R_finite_percent_post": 0.0,
  "seam_residual": 0.0,
  "tol_seam": 0.005,
  "result": "PASS",
  "timestamp_utc": "2026-01-27T03:48:12.946772+00:00"
}
