{
  "timestamp": "2026-02-06T07:00:31.000504+00:00",
  "reference": "Nature Communications 15:9295 (2024)",
  "sections": {
    "sigma0_fits": {
      "CMB_prior": {
        "standard": {
          "Sigma_0": -0.20174131398560222,
          "Sigma_0_error": 0.04805316025430867,
          "significance_sigma": 4.198294408066807,
          "chi2_red": 0.788181268953699,
          "p_value": 0.5002689054156872,
          "regime": "Tension"
        },
        "constant": {
          "Sigma_0": -0.0830022926875155,
          "Sigma_0_error": 0.0196403545170666,
          "significance_sigma": 4.226109697530672,
          "chi2_red": 0.7491267291600647,
          "p_value": 0.522676342445195,
          "regime": "GR_consistent"
        },
        "exponential": {
          "Sigma_0": -0.017967774926417823,
          "Sigma_0_error": 0.004340804678079777,
          "significance_sigma": 4.1392728443073254,
          "chi2_red": 0.8701973118171987,
          "p_value": 0.45563566893738605,
          "regime": "GR_consistent"
        }
      },
      "No_CMB": {
        "standard": {
          "Sigma_0": -0.20173734751194475,
          "Sigma_0_error": 0.06211786134634354,
          "significance_sigma": 3.247654428846811,
          "chi2_red": 0.7158053858951696,
          "p_value": 0.5423798680872225,
          "regime": "Tension"
        },
        "constant": {
          "Sigma_0": -0.08964143212145095,
          "Sigma_0_error": 0.026204810517196257,
          "significance_sigma": 3.4208006221844647,
          "chi2_red": 0.523369117973763,
          "p_value": 0.6661866075394947,
          "regime": "GR_consistent"
        },
        "exponential": {
          "Sigma_0": -0.020618594491790265,
          "Sigma_0_error": 0.005933082878152924,
          "significance_sigma": 3.475190708647105,
          "chi2_red": 0.46085685718553204,
          "p_value": 0.7096253238672947,
          "regime": "GR_consistent"
        }
      },
      "Pessimistic_CMB": {
        "standard": {
          "Sigma_0": -0.15574041989046222,
          "Sigma_0_error": 0.09895325571609466,
          "significance_sigma": 1.5738786840656844,
          "chi2_red": 0.4904172776744353,
          "p_value": 0.6889211075552442,
          "regime": "Tension"
        },
        "constant": {
          "Sigma_0": -0.06284307245495904,
          "Sigma_0_error": 0.04134433804950587,
          "significance_sigma": 1.519992226739983,
          "chi2_red": 0.5182035681422024,
          "p_value": 0.6697247522766139,
          "regime": "GR_consistent"
        },
        "exponential": {
          "Sigma_0": -0.013102093500224204,
          "Sigma_0_error": 0.009235138631761867,
          "significance_sigma": 1.4187219079920412,
          "chi2_red": 0.5678043209977744,
          "p_value": 0.6361752825683578,
          "regime": "GR_consistent"
        }
      },
      "Pessimistic_No_CMB": {
        "standard": {
          "Sigma_0": -0.1672542200104599,
          "Sigma_0_error": 0.10660589763707679,
          "significance_sigma": 1.5689021312859341,
          "chi2_red": 0.416624966099477,
          "p_value": 0.7410687561846063,
          "regime": "Tension"
        },
        "constant": {
          "Sigma_0": -0.0711634894174363,
          "Sigma_0_error": 0.04484653236581253,
          "significance_sigma": 1.5868225627113537,
          "chi2_red": 0.4071996414366405,
          "p_value": 0.7478287948852025,
          "regime": "GR_consistent"
        },
        "exponential": {
          "Sigma_0": -0.01555067577701319,
          "Sigma_0_error": 0.010090101677082899,
          "significance_sigma": 1.541181275936257,
          "chi2_red": 0.4309939948088654,
          "p_value": 0.7308002445944463,
          "regime": "GR_consistent"
        }
      }
    },
    "bin_inversions": {
      "CMB_prior": [
        {
          "z": 0.295,
          "hJ": 0.326,
          "hJ_sigma": 0.02,
          "Sigma_z": 0.9393303630823904,
          "Sigma_minus_1": -0.060669636917609626,
          "Sigma_error": 0.057627629587053024,
          "signal_to_noise": 1.0527873062340922
        },
        {
          "z": 0.467,
          "hJ": 0.332,
          "hJ_sigma": 0.015,
          "Sigma_z": 0.8826482611994493,
          "Sigma_minus_1": -0.11735173880055072,
          "Sigma_error": 0.039878686465441605,
          "signal_to_noise": 2.942718258843514
        },
        {
          "z": 0.626,
          "hJ": 0.387,
          "hJ_sigma": 0.026,
          "Sigma_z": 0.9936160584912799,
          "Sigma_minus_1": -0.006383941508720126,
          "Sigma_error": 0.0667545671793332,
          "signal_to_noise": 0.09563302974566441
        },
        {
          "z": 0.771,
          "hJ": 0.354,
          "hJ_sigma": 0.033,
          "Sigma_z": 0.9006485714937927,
          "Sigma_minus_1": -0.09935142850620726,
          "Sigma_error": 0.08395876506654662,
          "signal_to_noise": 1.1833359915127415
        }
      ],
      "No_CMB": [
        {
          "z": 0.295,
          "hJ": 0.333,
          "hJ_sigma": 0.023,
          "Sigma_z": 0.9595000334553251,
          "Sigma_minus_1": -0.040499966544674915,
          "Sigma_error": 0.06627177402511097,
          "signal_to_noise": 0.6111193964617442
        },
        {
          "z": 0.467,
          "hJ": 0.328,
          "hJ_sigma": 0.02,
          "Sigma_z": 0.8720139447994559,
          "Sigma_minus_1": -0.12798605520054407,
          "Sigma_error": 0.053171581953922145,
          "signal_to_noise": 2.4070386943058275
        },
        {
          "z": 0.626,
          "hJ": 0.386,
          "hJ_sigma": 0.049,
          "Sigma_z": 0.9910485751360052,
          "Sigma_minus_1": -0.008951424863994806,
          "Sigma_error": 0.12580668429951258,
          "signal_to_noise": 0.0711522198827196
        },
        {
          "z": 0.771,
          "hJ": 0.345,
          "hJ_sigma": 0.043,
          "Sigma_z": 0.8777507264558149,
          "Sigma_minus_1": -0.12224927354418513,
          "Sigma_error": 0.10940081508671226,
          "signal_to_noise": 1.1174439006445158
        }
      ],
      "Pessimistic_CMB": [
        {
          "z": 0.295,
          "hJ": 0.329,
          "hJ_sigma": 0.036,
          "Sigma_z": 0.9479745075279339,
          "Sigma_minus_1": -0.052025492472066115,
          "Sigma_error": 0.10372973325669543,
          "signal_to_noise": 0.5015485033912206
        },
        {
          "z": 0.467,
          "hJ": 0.329,
          "hJ_sigma": 0.034,
          "Sigma_z": 0.8746725238994543,
          "Sigma_minus_1": -0.12532747610054573,
          "Sigma_error": 0.09039168932166765,
          "signal_to_noise": 1.3864933495661937
        },
        {
          "z": 0.626,
          "hJ": 0.429,
          "hJ_sigma": 0.062,
          "Sigma_z": 1.101450359412814,
          "Sigma_minus_1": 0.101450359412814,
          "Sigma_error": 0.15918396788917918,
          "signal_to_noise": 0.6373151816610186
        },
        {
          "z": 0.771,
          "hJ": 0.37,
          "hJ_sigma": 0.064,
          "Sigma_z": 0.9413558515613089,
          "Sigma_minus_1": -0.058644148438691146,
          "Sigma_error": 0.16282912012906012,
          "signal_to_noise": 0.36015762040726595
        }
      ],
      "Pessimistic_No_CMB": [
        {
          "z": 0.295,
          "hJ": 0.336,
          "hJ_sigma": 0.039,
          "Sigma_z": 0.9681441779008686,
          "Sigma_minus_1": -0.0318558220991314,
          "Sigma_error": 0.11237387769475339,
          "signal_to_noise": 0.28348066964159513
        },
        {
          "z": 0.467,
          "hJ": 0.326,
          "hJ_sigma": 0.035,
          "Sigma_z": 0.8666967865994593,
          "Sigma_minus_1": -0.13330321340054074,
          "Sigma_error": 0.09305026841936376,
          "signal_to_noise": 1.4325935396528136
        },
        {
          "z": 0.626,
          "hJ": 0.431,
          "hJ_sigma": 0.086,
          "Sigma_z": 1.1065853261233634,